epoch,train_loss,train_top1,test_top1,best_top1,learning_rate,epoch_seconds
1,5.38554464,0.407609,0.517777,0.517777,0.1000000000,7.938883
2,5.30651739,0.305707,0.345185,0.517777,0.0999972585,7.305725
3,5.30126988,0.407609,0.552295,0.552295,0.0999890342,7.392336
4,5.30042563,0.237772,0.258889,0.552295,0.0999753280,7.315955
5,5.29961268,0.373641,0.931999,0.931999,0.0999561415,7.670465
6,5.29688460,0.441576,0.604073,0.931999,0.0999314767,7.457642
7,5.28669547,0.645380,0.707629,0.931999,0.0999013364,7.043676
8,5.28471485,0.373641,0.983776,0.983776,0.0998657239,7.346813
9,5.28172319,0.628397,0.897480,0.983776,0.0998246430,7.703980
10,5.27374586,0.730299,0.897480,0.983776,0.0997780982,7.366313
11,5.26022971,0.730299,1.018295,1.018295,0.0997260948,7.662208
12,5.23895908,1.069973,1.277183,1.277183,0.0996686383,7.259054
13,5.21407927,0.730299,0.811184,1.277183,0.0996057351,6.970977
14,5.19691861,0.815217,1.328961,1.328961,0.0995373920,6.908359
15,5.17286609,1.154891,1.501553,1.501553,0.0994636166,7.410433
16,5.18733805,1.052989,1.467035,1.501553,0.0993844170,6.975098
17,5.14653307,1.036005,1.501553,1.501553,0.0992998019,7.276294
18,5.12534496,1.307745,1.518813,1.518813,0.0992097804,7.309375
19,5.10936662,1.273777,1.259924,1.518813,0.0991143625,6.909034
20,5.09356422,1.511549,1.984812,1.984812,0.0990135587,7.039551
21,5.08342912,1.409647,2.312737,2.312737,0.0989073800,6.820873
22,5.06814433,1.664402,2.571626,2.571626,0.0987958381,6.758608
23,5.03902302,1.783288,2.381774,2.571626,0.0986789451,6.805627
24,5.02069964,1.630435,1.967553,2.571626,0.0985567140,6.842208
25,5.01929213,1.868207,2.830514,2.830514,0.0984291581,6.813481
26,4.99663446,2.122962,2.588885,2.830514,0.0982962913,6.761201
27,4.98283513,1.987092,2.968588,2.968588,0.0981581283,6.816508
28,4.97687203,2.275815,3.089403,3.089403,0.0980146843,6.681059
29,4.94455294,1.987092,3.520884,3.520884,0.0978659749,7.207798
30,4.93067328,2.598505,3.434588,3.520884,0.0977120164,6.824961
31,4.90796454,2.275815,3.261995,3.520884,0.0975528258,6.942336
32,4.89005102,2.768342,3.589921,3.589921,0.0973884205,7.602016
33,4.86070308,2.819293,4.487401,4.487401,0.0972188185,7.605918
34,4.85744594,3.006114,4.124957,4.487401,0.0970440384,7.039716
35,4.83355631,3.243886,4.435623,4.487401,0.0968640995,6.786234
36,4.81337415,2.870245,4.418364,4.487401,0.0966790213,6.865053
37,4.81403261,3.804348,5.056955,5.056955,0.0964888243,6.894426
38,4.76454166,3.583560,4.107698,5.056955,0.0962935292,6.801250
39,4.76538456,3.991168,4.625475,5.056955,0.0960931576,6.750704
40,4.73346269,3.464674,5.074215,5.074215,0.0958877313,7.176996
41,4.70371363,3.838315,5.022437,5.074215,0.0956772729,6.777946
42,4.72583910,4.415761,6.057991,6.057991,0.0954618055,6.800037
43,4.68253705,4.670516,6.040732,6.057991,0.0952413526,6.875108
44,4.68911633,4.279891,4.608215,6.057991,0.0950159386,7.030879
45,4.67682579,4.381793,5.885399,6.057991,0.0947855880,7.041198
46,4.63927995,5.298913,5.781843,6.057991,0.0945503262,7.067246
47,4.61265217,4.602582,5.937176,6.057991,0.0943101790,6.978429
48,4.60120794,5.213995,6.144287,6.144287,0.0940651726,6.928571
49,4.57593263,4.993207,6.196065,6.196065,0.0938153340,7.007840
50,4.57181576,5.927310,6.886434,6.886434,0.0935606906,6.869822
51,4.59523860,5.213995,6.731101,6.886434,0.0933012702,6.763106
52,4.56010396,5.247962,7.179841,7.179841,0.0930371014,6.745498
53,4.53090619,5.723505,7.801174,7.801174,0.0927682130,6.846544
54,4.48235814,6.589674,6.351398,7.801174,0.0924946346,6.810972
55,4.48905173,6.148098,7.818433,7.818433,0.0922163963,6.801835
56,4.44961098,7.133152,7.490507,7.818433,0.0919335284,6.886679
57,4.45515797,6.589674,8.923024,8.923024,0.0916460620,6.846259
58,4.44115325,7.014266,7.973766,8.923024,0.0913540287,7.003371
59,4.41152062,7.218071,7.611322,8.923024,0.0910574605,6.878390
60,4.42185469,7.252038,8.249914,8.923024,0.0907563898,6.755778
61,4.37192279,7.829484,9.130135,9.130135,0.0904508497,6.858181
62,4.34938898,8.271060,9.112875,9.130135,0.0901408738,6.894967
63,4.35313177,7.133152,9.354505,9.354505,0.0898264959,6.912239
64,4.31268839,8.984375,10.113911,10.113911,0.0895077506,6.779611
65,4.30413834,9.086277,9.406282,10.113911,0.0891846729,6.887092
66,4.29510323,9.578804,10.666206,10.666206,0.0888572981,6.821159
67,4.29832843,9.442935,9.492579,10.666206,0.0885256621,6.918069
68,4.26535255,9.324049,10.303763,10.666206,0.0881898014,6.780701
69,4.26162823,8.780571,10.355540,10.666206,0.0878497528,7.036547
70,4.23066774,9.052310,11.425613,11.425613,0.0875055535,6.781556
71,4.22695243,9.935462,10.821540,11.425613,0.0871572413,6.850576
72,4.20324251,9.663723,12.219537,12.219537,0.0868048544,6.737882
73,4.17195303,10.156250,10.804280,12.219537,0.0864484314,6.823294
74,4.16909466,10.190217,11.132206,12.219537,0.0860880114,6.870336
75,4.16410997,10.614810,11.511909,12.219537,0.0857236340,6.977222
76,4.09949733,11.107337,13.255091,13.255091,0.0853553391,7.052966
77,4.15578442,10.529891,13.513980,13.513980,0.0849831670,6.860318
78,4.08200439,11.379076,12.150501,13.513980,0.0846071587,6.922183
79,4.11236843,10.512908,14.532275,14.532275,0.0842273553,6.714021
80,4.08861215,12.330163,12.909907,14.532275,0.0838437985,6.851412
81,4.10336549,11.973505,14.083535,14.532275,0.0834565303,6.997866
82,4.03391800,12.635870,13.841905,14.532275,0.0830655933,6.853199
83,4.05329109,12.177310,12.944425,14.532275,0.0826710302,6.854735
84,4.00844657,12.788723,13.134277,14.532275,0.0822728844,6.810283
85,4.02680253,11.956522,13.893683,14.532275,0.0818711995,6.802429
86,3.99332354,13.586957,14.566793,14.566793,0.0814660196,6.909253
87,3.94428629,13.858696,15.274422,15.274422,0.0810573890,6.719572
88,4.00475920,13.400136,15.067311,15.274422,0.0806453527,6.791709
89,3.97015896,13.451087,14.325164,15.274422,0.0802299557,6.836056
90,3.96948126,13.026495,14.100794,15.274422,0.0798112437,6.873249
91,3.94863366,14.283288,14.998274,15.274422,0.0793892626,6.716820
92,3.90001059,14.656929,15.895754,15.895754,0.0789640586,6.732145
93,3.91370577,14.809783,15.878495,15.895754,0.0785356784,6.658513
94,3.91745726,14.538043,16.361754,16.361754,0.0781041689,6.903786
95,3.93139495,13.434103,16.655161,16.655161,0.0776695775,6.853928
96,3.88389716,14.945652,12.633759,16.655161,0.0772319518,6.880991
97,3.87792939,14.334239,16.810494,16.810494,0.0767913397,6.858469
98,3.84984415,15.268342,17.518122,17.518122,0.0763477898,6.827912
99,3.84097308,16.151495,16.655161,17.518122,0.0759013505,6.969648
100,3.84799669,15.268342,17.207456,17.518122,0.0754520708,6.970138
101,3.82282627,16.236413,16.948567,17.518122,0.0750000000,7.126571
102,3.81418752,15.811821,17.172938,17.518122,0.0745451877,6.892820
103,3.83408203,15.438179,16.741457,17.518122,0.0740876837,6.887790
104,3.83494276,16.134511,17.690715,17.690715,0.0736275382,7.586800
105,3.76703702,17.255435,20.383155,20.383155,0.0731648018,6.955742
106,3.76434725,17.255435,18.139455,20.383155,0.0726995250,7.173608
107,3.76490705,16.694973,18.208492,20.383155,0.0722317590,6.868829
108,3.77048187,17.017663,18.243010,20.383155,0.0717615550,6.871572
109,3.74574926,17.408288,18.173973,20.383155,0.0712889646,6.997650
110,3.72921608,17.629076,18.916120,20.383155,0.0708140396,6.950375
111,3.72098479,17.680027,19.589230,20.383155,0.0703368322,7.013745
112,3.71754145,17.340353,18.726269,20.383155,0.0698573945,6.869116
113,3.72319098,16.898777,18.639972,20.383155,0.0693757793,6.896095
114,3.71949610,17.153533,19.761823,20.383155,0.0688920393,7.042648
115,3.66540521,18.223505,17.483604,20.383155,0.0684062276,6.861341
116,3.63571907,18.902853,19.606489,20.383155,0.0679183975,7.041376
117,3.68041320,18.325408,20.659303,20.659303,0.0674286024,7.723607
118,3.67194697,18.682065,19.606489,20.659303,0.0669368960,7.032831
119,3.66958431,18.546196,18.553676,20.659303,0.0664433323,6.944652
120,3.62808378,19.887908,20.780117,20.780117,0.0659479655,6.973653
121,3.68115970,18.376359,18.450121,20.780117,0.0654508497,6.938890
122,3.58959355,19.497283,21.090784,21.090784,0.0649520396,6.955216
123,3.65442270,19.021739,19.192268,21.090784,0.0644515898,6.817996
124,3.58904504,19.667120,22.195375,22.195375,0.0639495553,6.782069
125,3.59735644,19.412364,20.831895,22.195375,0.0634459910,6.754328
126,3.59375600,19.344429,20.176044,22.195375,0.0629409523,6.971819
127,3.58692974,19.921875,22.057301,22.195375,0.0624344944,6.739924
128,3.54731303,20.838995,21.470487,22.195375,0.0619266729,6.723305
129,3.57901922,20.159647,20.452192,22.195375,0.0614175435,6.875180
130,3.59926275,19.616168,20.952710,22.195375,0.0609071621,6.680666
131,3.55036670,20.533288,20.417673,22.195375,0.0603955845,6.873619
132,3.52124115,20.584239,24.042113,24.042113,0.0598828670,7.218652
133,3.54373423,20.329484,22.367967,24.042113,0.0593690657,6.859760
134,3.51945704,21.076766,21.901968,24.042113,0.0588542370,6.928680
135,3.49511037,21.399457,20.987228,24.042113,0.0583384373,6.885548
136,3.48498664,21.841033,23.558854,24.042113,0.0578217233,6.881630
137,3.49120140,21.263587,20.331377,24.042113,0.0573041514,6.856246
138,3.48135581,20.669158,23.507076,24.042113,0.0567857786,6.715029
139,3.48144825,21.450408,23.144632,24.042113,0.0562666617,6.791862
140,3.47078312,22.129755,21.505005,24.042113,0.0557468575,6.770119
141,3.42922496,22.503397,22.091819,24.042113,0.0552264232,6.754236
142,3.44982279,22.333560,22.419745,24.042113,0.0547054157,6.780322
143,3.44846513,21.858016,20.900932,24.042113,0.0541838922,6.792201
144,3.37628778,22.707201,23.645150,24.042113,0.0536619099,6.813058
145,3.44472576,22.860054,23.731446,24.042113,0.0531395260,6.757495
146,3.46233980,22.044837,23.869520,24.042113,0.0526167978,6.654787
147,3.37215043,23.641304,23.576113,24.042113,0.0520937827,6.930879
148,3.42810262,23.199728,23.835002,24.042113,0.0515705380,6.918995
149,3.41687014,22.792120,23.351743,24.042113,0.0510471210,6.871997
150,3.41322310,22.622283,23.524336,24.042113,0.0505235892,7.081124
151,3.35870225,23.794158,23.541595,24.042113,0.0500000000,6.937382
152,3.36309728,23.471467,23.610632,24.042113,0.0494764108,7.008378
153,3.40592976,22.435462,22.730411,24.042113,0.0489528790,6.883992
154,3.33341949,24.371603,25.233000,25.233000,0.0484294620,6.891097
155,3.30795922,24.711277,24.715223,25.233000,0.0479062173,6.791087
156,3.34876546,24.218750,24.939593,25.233000,0.0473832022,6.872843
157,3.30545034,24.354620,25.457370,25.457370,0.0468604740,6.813314
158,3.32505269,24.745245,25.233000,25.457370,0.0463380901,6.979048
159,3.29178324,24.575408,24.663445,25.457370,0.0458161078,7.049684
160,3.33934605,24.626359,25.819814,25.819814,0.0452945843,6.878445
161,3.32532751,24.915082,24.214705,25.819814,0.0447735768,6.896631
162,3.26142627,26.052989,26.320331,26.320331,0.0442531425,6.839108
163,3.31599243,24.320652,25.612703,26.320331,0.0437333383,6.980998
164,3.25001464,25.594429,24.214705,26.320331,0.0432142214,6.755819
165,3.26682244,25.475543,26.320331,26.320331,0.0426958486,6.923620
166,3.27969833,25.339674,25.233000,26.320331,0.0421782767,6.795646
167,3.20272932,26.817255,25.664480,26.320331,0.0416615627,6.734152
168,3.22188253,26.868207,26.648257,26.648257,0.0411457630,6.837610
169,3.24110654,26.239810,27.424922,27.424922,0.0406309343,6.816420
170,3.21241334,26.681386,26.527442,27.424922,0.0401171330,6.676966
171,3.22388482,26.358696,25.422851,27.424922,0.0396044155,6.740268
172,3.17996130,27.819293,28.408699,28.408699,0.0390928379,6.829381
173,3.24656591,26.307745,26.976182,28.408699,0.0385824565,6.904248
174,3.21476959,26.545516,26.320331,28.408699,0.0380733271,6.855729
175,3.18367290,26.953125,26.993441,28.408699,0.0375655056,6.766115
176,3.19744030,26.902174,26.182258,28.408699,0.0370590477,6.922513
177,3.17695699,27.038043,26.889886,28.408699,0.0365540090,6.686585
178,3.17866504,27.309783,27.701070,28.408699,0.0360504447,6.633156
179,3.17250139,27.479620,26.907145,28.408699,0.0355484102,6.811366
180,3.13900794,27.989130,28.011736,28.408699,0.0350479604,6.782184
181,3.09982984,28.787364,27.787366,28.408699,0.0345491503,6.887875
182,3.11814834,27.972147,26.700035,28.408699,0.0340520345,6.722436
183,3.12730085,28.345788,27.062478,28.408699,0.0335566677,6.853920
184,3.11926259,27.836277,28.167069,28.408699,0.0330631040,6.918159
185,3.09818065,28.889266,27.045219,28.408699,0.0325713976,6.922644
186,3.06028753,28.362772,27.062478,28.408699,0.0320816025,6.935498
187,3.10870418,28.617527,28.494995,28.494995,0.0315937724,6.802350
188,3.01902481,29.891304,28.874698,28.874698,0.0311079607,6.759458
189,3.06401436,28.923234,28.305143,28.874698,0.0306242207,6.946384
190,3.00825801,30.587636,28.374180,28.874698,0.0301426055,6.825366
191,3.03765441,30.129076,29.530549,29.530549,0.0296631678,6.787663
192,3.04510731,30.944293,30.894028,30.894028,0.0291859604,6.839018
193,3.04690562,29.313859,29.996548,30.894028,0.0287110354,6.826807
194,3.03271596,29.857337,29.530549,30.894028,0.0282384450,6.857936
195,3.04056906,30.281929,29.426993,30.894028,0.0277682410,6.933529
196,3.01705894,30.536685,29.875734,30.894028,0.0273004750,6.934941
197,2.99924411,31.708560,28.926476,30.894028,0.0268351982,6.796124
198,3.01049983,30.706522,29.737660,30.894028,0.0263724618,6.851457
199,2.98908647,30.876359,29.772178,30.894028,0.0259123163,7.274199
200,2.96945898,31.572690,30.790473,30.894028,0.0254548123,6.941667
201,2.96645864,31.233016,28.063514,30.894028,0.0250000000,7.014225
202,2.94244845,31.725543,30.307214,30.894028,0.0245479292,6.943313
203,2.93156194,31.453804,29.271660,30.894028,0.0240986495,6.847671
204,2.94170823,32.150136,29.703141,30.894028,0.0236522102,6.721967
205,2.94150770,31.368886,31.480842,31.480842,0.0232086603,7.036943
206,2.96414360,31.131114,30.341733,31.480842,0.0227680482,6.777545
207,2.92669383,32.150136,31.774249,31.774249,0.0223304225,6.809689
208,2.92754756,31.878397,30.894028,31.774249,0.0218958311,6.853704
209,2.85888213,33.271060,29.668623,31.774249,0.0214643216,6.786904
210,2.87236997,32.982337,30.065585,31.774249,0.0210359414,6.963266
211,2.85450992,33.576766,29.254401,31.774249,0.0206107374,6.884345
212,2.85359022,33.440897,32.654470,32.654470,0.0201887563,6.897391
213,2.82960219,34.120245,30.393511,32.654470,0.0197700443,6.809088
214,2.86195031,33.559783,32.464619,32.654470,0.0193546473,6.828530
215,2.79608007,34.510870,31.636175,32.654470,0.0189426110,6.820897
216,2.83936151,34.239130,30.721436,32.654470,0.0185339804,6.937113
217,2.80783634,34.901495,33.396617,33.396617,0.0181288005,6.842306
218,2.77935936,34.901495,31.774249,33.396617,0.0177271156,6.790259
219,2.78993412,35.207201,32.464619,33.396617,0.0173289698,6.867849
220,2.78902082,34.799592,31.325509,33.396617,0.0169344067,6.835035
221,2.78132474,35.156250,31.549879,33.396617,0.0165434697,6.745092
222,2.76557739,35.648777,33.189506,33.396617,0.0161562015,6.830801
223,2.73524545,36.786685,32.775285,33.396617,0.0157726447,6.846230
224,2.75249081,35.920516,32.585433,33.396617,0.0153928413,6.877543
225,2.73922400,36.107337,33.793580,33.793580,0.0150168330,6.881449
226,2.70814922,36.616848,33.034173,33.793580,0.0146446609,6.804937
227,2.69960458,35.988451,33.327580,33.793580,0.0142763660,6.796779
228,2.75940957,35.326087,32.602692,33.793580,0.0139119886,6.881182
229,2.69613128,37.211277,34.311357,34.311357,0.0135515686,6.820477
230,2.71696024,36.480978,32.050397,34.311357,0.0131951456,6.926617
231,2.70169266,37.075408,33.638246,34.311357,0.0128427587,7.051189
232,2.68891098,37.703804,33.224025,34.311357,0.0124944465,6.796261
233,2.65722057,38.400136,34.086987,34.311357,0.0121502472,6.984358
234,2.68723173,36.990489,33.431136,34.311357,0.0118101986,6.928737
235,2.63178718,37.992527,33.224025,34.311357,0.0114743379,6.752735
236,2.66418016,37.873641,34.242320,34.311357,0.0111427019,6.748559
237,2.67169880,37.958560,33.828098,34.311357,0.0108153271,6.808590
238,2.62039096,39.164402,34.311357,34.311357,0.0104922494,6.785385
239,2.60260133,38.943614,34.829134,34.829134,0.0101735041,6.867434
240,2.60433323,39.656929,34.173283,34.829134,0.0098591262,6.706033
241,2.58468251,38.875679,33.707283,34.829134,0.0095491503,6.764127
242,2.58156407,40.200408,34.518467,34.829134,0.0092436102,6.837046
243,2.58489519,39.894701,34.760097,34.829134,0.0089425395,6.766270
244,2.54615655,39.622962,35.053504,35.053504,0.0086459713,6.799553
245,2.55847334,39.656929,35.157059,35.157059,0.0083539380,6.931966
246,2.50924733,41.168478,35.312392,35.312392,0.0080664716,6.780551
247,2.53381561,39.622962,34.949948,35.312392,0.0077836037,6.855224
248,2.55294985,39.690897,35.467725,35.467725,0.0075053654,6.731239
249,2.52555060,40.472147,35.484984,35.484984,0.0072317870,6.948451
250,2.54024382,40.200408,35.260614,35.484984,0.0069628986,6.831790
251,2.51613504,40.811821,35.312392,35.484984,0.0066987298,6.815324
252,2.49974231,41.915761,35.398688,35.484984,0.0064393094,6.955328
253,2.44628461,43.257473,36.002761,36.002761,0.0061846660,6.914130
254,2.47312563,41.100543,35.623058,36.002761,0.0059348274,6.835361
255,2.47148859,41.813859,35.157059,36.002761,0.0056898210,6.734290
256,2.52363538,41.457201,36.313428,36.313428,0.0054496738,6.942969
257,2.46520208,41.881793,35.312392,36.313428,0.0052144120,6.807629
258,2.45637887,42.153533,35.830169,36.313428,0.0049840614,6.822658
259,2.46142975,42.340353,35.623058,36.313428,0.0047586474,7.029073
260,2.43939851,42.034647,36.020021,36.313428,0.0045381945,6.876424
261,2.44316719,42.289402,35.933725,36.313428,0.0043227271,6.982494
262,2.43139917,42.476223,36.209872,36.313428,0.0041122687,6.827877
263,2.39755932,43.461277,36.693131,36.693131,0.0039068424,7.079514
264,2.40138630,43.851902,36.555057,36.693131,0.0037064708,7.426333
265,2.42375408,42.883832,35.933725,36.693131,0.0035111757,6.961583
266,2.35317239,45.142663,36.296168,36.693131,0.0033209787,6.990848
267,2.35296181,44.327446,35.916465,36.693131,0.0031359005,6.904384
268,2.39464195,43.834918,35.709355,36.693131,0.0029559616,6.748832
269,2.37030552,43.987772,36.468761,36.693131,0.0027811815,6.799839
270,2.36374996,43.902853,36.330687,36.693131,0.0026115795,6.712022
271,2.38642336,44.718071,36.365205,36.693131,0.0024471742,6.917403
272,2.35785448,44.191576,36.555057,36.693131,0.0022879836,7.006853
273,2.39549780,43.851902,36.693131,36.693131,0.0021340251,6.857187
274,2.35164582,44.616168,36.986538,36.986538,0.0019853157,6.909763
275,2.33375017,44.870924,36.934760,36.986538,0.0018418717,6.792806
276,2.30422140,45.822011,36.865723,36.986538,0.0017037087,6.847284
277,2.32724761,45.057745,36.779427,36.986538,0.0015708419,6.965605
278,2.29121544,45.923913,36.969279,36.986538,0.0014432860,6.885427
279,2.35595853,44.870924,36.520538,36.986538,0.0013210549,6.904376
280,2.32120214,45.023777,36.952019,36.986538,0.0012041619,6.811787
281,2.36943607,45.023777,36.675872,36.986538,0.0010926200,7.807589
282,2.32053477,45.380435,36.917501,36.986538,0.0009864413,7.750776
283,2.26731766,46.637228,37.245426,37.245426,0.0008856375,7.011498
284,2.29838069,46.161685,36.727649,37.245426,0.0007902196,6.968660
285,2.30103111,46.518342,36.934760,37.245426,0.0007001981,6.973474
286,2.33384396,44.531250,36.848464,37.245426,0.0006155830,6.972817
287,2.27654770,46.025815,36.831205,37.245426,0.0005363834,8.089105
288,2.25693050,46.891984,36.865723,37.245426,0.0004626080,7.685730
289,2.29325854,45.822011,36.969279,37.245426,0.0003942649,7.952885
290,2.25165227,47.027853,36.934760,37.245426,0.0003313617,7.118345
291,2.29734794,45.974864,36.882982,37.245426,0.0002739052,7.130437
292,2.25886732,46.688179,36.813945,37.245426,0.0002219018,7.565731
293,2.30812166,45.516304,36.848464,37.245426,0.0001753570,7.001230
294,2.26551782,46.569293,37.055575,37.245426,0.0001342761,7.327910
295,2.27166457,46.739130,36.693131,37.245426,0.0000986636,6.814319
296,2.28948301,47.112772,36.813945,37.245426,0.0000685233,6.872555
297,2.27970222,45.771060,36.813945,37.245426,0.0000438585,6.849567
298,2.31493327,45.855978,36.831205,37.245426,0.0000246720,6.858569
299,2.25067995,47.452446,36.813945,37.245426,0.0000109658,7.402469
300,2.29804348,46.331522,36.831205,37.245426,0.0000027415,7.139659
